Qty,References,Value,Footprint,Manufacturer,MPN,DNP
1,BT1,Varta CP1654 A3 (tabbed),CP1654_Tabbed,VARTA,CP 1654 A3 with solder tabs - confirm variant,
2,C1 C2,4.7u 10V,C_0603_1608Metric,Murata,GRM188R61A475KE15D,
2,C3 C4,4.7u 6.3V,C_0402_1005Metric,Murata,GRM155R60J475ME47D,
2,C5 C6,100n,C_0402_1005Metric,Murata,GRM155R71C104KA88D,
2,D1 D2,BAT54J,D_SOD-323F,Nexperia,"BAT54J,115",
1,D3,PESD5V0S1BB,D_SOD-523,Nexperia,"PESD5V0S1BB,115",
1,D4,LED green 0402,LED_0402_1005Metric,Lite-On,LTST-C193KGKT-5A,
1,J1,Magnetic pogo 2P (female),MagPogo_2P,generic,"2-pin magnetic pogo, female - SELECT PART",
1,J2,TC2030-NL,Tag-Connect_TC2030-IDC-NL_2x03_P1.27mm_Vertical,Tag-Connect,pads only (cable TC2030-CTX-NL),
1,JP1,I_MEAS (cut to measure),SolderJumper-2_P1.3mm_Bridged_Pad1.0x1.5mm,,,
1,Q1,DMN63D8LDW,SOT-363_SC-70-6,Diodes Inc,DMN63D8LDW-7,
1,R1,20k 1%,R_0402_1005Metric,Yageo,RC0402FR-0720KL,
1,R2,1M,R_0402_1005Metric,Yageo,RC0402FR-071ML,
1,R3,100k,R_0402_1005Metric,Yageo,RC0402FR-07100KL,
1,R4,1k,R_0402_1005Metric,Yageo,RC0402FR-071KL,
0,R5 R6,4.7k DNP,R_0402_1005Metric,,,DNP
1,U1,MDBT50Q-512K,Raytac_MDBT50Q,Raytac,MDBT50Q-512K,
1,U2,LIS2DE12TR,LGA-12_2x2mm_P0.5mm,STMicroelectronics,LIS2DE12TR,
1,U3,MCP73831T-2ACI/OT,SOT-23-5,Microchip,MCP73831T-2ACI/OT,
