Ref,Val,Package,PosX,PosY,Rot,Side
"BT1","Varta CP1654 A3 (tabbed)","CP1654_Tabbed",8.500000,0.000000,0.000000,top
"C1","4.7u 10V","C_0603_1608Metric",10.200000,13.200000,0.000000,top
"C2","4.7u 10V","C_0603_1608Metric",2.400000,-10.200000,90.000000,top
"C3","4.7u 6.3V","C_0402_1005Metric",1.100000,6.900000,0.000000,top
"C4","4.7u 6.3V","C_0402_1005Metric",-1.300000,6.900000,0.000000,top
"C5","100n","C_0402_1005Metric",-1.300000,8.100000,0.000000,top
"C6","100n","C_0402_1005Metric",-6.100000,-7.200000,180.000000,top
"C7","100n","C_0402_1005Metric",-4.350000,-10.500000,0.000000,top
"D1","BAT54J","D_SOD-323F",6.900000,12.900000,180.000000,top
"D2","BAT54J","D_SOD-323F",13.000000,-10.000000,90.000000,top
"D3","PESD5V0S1BB","D_SOD-523",-2.500000,15.500000,0.000000,top
"D4","LED green 0402","LED_0402_1005Metric",-4.900000,7.400000,180.000000,top
"H1","M1.6","MountingHole_1.8mm_NPTH",14.722431,8.499999,0.000000,top
"H2","M1.6","MountingHole_1.8mm_NPTH",-14.722431,8.499999,0.000000,top
"H3","M1.6","MountingHole_1.8mm_NPTH",0.000000,-17.000000,0.000000,top
"J1","Magnetic pogo 2P (female)","MagPogo_2P",0.000000,12.000000,0.000000,top
"Q1","DMN63D8LDW","SOT-363_SC-70-6",9.200000,-12.600000,0.000000,top
"R1","20k 1%","R_0402_1005Metric",6.900000,-13.600000,90.000000,top
"R2","1M","R_0402_1005Metric",8.800000,-14.600000,0.000000,top
"R3","100k","R_0402_1005Metric",11.500000,-12.600000,90.000000,top
"R4","1k","R_0402_1005Metric",-6.900000,7.400000,0.000000,top
"R5","4.7k DNP","R_0402_1005Metric",-1.000000,-9.300000,90.000000,top
"R6","4.7k DNP","R_0402_1005Metric",0.100000,-10.800000,90.000000,top
"U1","MDBT50Q-512K","Raytac_MDBT50Q",-9.250000,0.000000,90.000000,top
"U2","LSM6DSO32TR","LGA-14_3x2.5mm_P0.5mm_LayoutBorder3x4y",-3.600000,-8.199999,-90.000000,top
"U3","MCP73831T-2ACI/OT","SOT-23-5",3.900000,-13.400000,0.000000,top
