Designator,Mid X,Mid Y,Layer,Rotation
C1_0,136.0637mm,-42.4251mm,Top,270.0
C1_1,175.0637mm,-42.4251mm,Top,270.0
C1_2,121.9363mm,-90.1341mm,Top,90.0
C1_3,160.9363mm,-90.1341mm,Top,90.0
C2_0,142.4000mm,-40.4251mm,Top,180.0
C2_1,181.4000mm,-40.4251mm,Top,180.0
C2_2,115.6000mm,-92.1341mm,Top,0.0
C2_3,154.6000mm,-92.1341mm,Top,0.0
C3_0,130.0637mm,-56.6751mm,Top,315.0
C3_1,169.0637mm,-56.6751mm,Top,315.0
C3_2,127.9363mm,-75.8841mm,Top,135.0
C3_3,166.9363mm,-75.8841mm,Top,135.0
C4_0,124.8137mm,-60.9796mm,Top,225.0
C4_1,163.8137mm,-60.9796mm,Top,225.0
C4_2,133.1863mm,-71.5796mm,Top,45.0
C4_3,172.1863mm,-71.5796mm,Top,45.0
C6_0,129.3137mm,-57.4251mm,Top,315.0
C6_1,168.3137mm,-57.4251mm,Top,315.0
C6_2,128.6863mm,-75.1341mm,Top,135.0
C6_3,167.6863mm,-75.1341mm,Top,135.0
C7_0,130.8137mm,-58.1751mm,Top,45.0
C7_1,169.8137mm,-58.1751mm,Top,45.0
C7_2,127.1863mm,-74.3841mm,Top,225.0
C7_3,166.1863mm,-74.3841mm,Top,225.0
C8_0,142.6000mm,-37.8796mm,Top,180.0
C8_1,181.6000mm,-37.8796mm,Top,180.0
C8_2,115.4000mm,-94.6796mm,Top,0.0
C8_3,154.4000mm,-94.6796mm,Top,0.0
C9_0,131.4000mm,-52.5796mm,Top,45.0
C9_1,170.4000mm,-52.5796mm,Top,45.0
C9_2,126.6000mm,-79.9796mm,Top,225.0
C9_3,165.6000mm,-79.9796mm,Top,225.0
D1_0,136.8137mm,-46.8796mm,Top,225.0
D1_1,175.8137mm,-46.8796mm,Top,225.0
D1_2,121.1863mm,-85.6796mm,Top,45.0
D1_3,160.1863mm,-85.6796mm,Top,45.0
D2_0,138.0000mm,-43.4796mm,Top,270.0
D2_1,177.0000mm,-43.4796mm,Top,270.0
D2_2,120.0000mm,-89.0796mm,Top,90.0
D2_3,159.0000mm,-89.0796mm,Top,90.0
D3_0,134.4100mm,-50.0196mm,Top,225.0
D3_1,173.4100mm,-50.0196mm,Top,225.0
D3_2,123.5900mm,-82.5396mm,Top,45.0
D3_3,162.5900mm,-82.5396mm,Top,45.0
D4_0,146.0830mm,-46.2281mm,Top,265.0
D4_1,185.0830mm,-46.2281mm,Top,265.0
D4_2,111.9170mm,-86.3312mm,Top,85.0
D4_3,150.9170mm,-86.3312mm,Top,85.0
J1_0,138.3501mm,-54.9564mm,Top,42.6
J1_1,177.3501mm,-54.9564mm,Top,42.6
J1_2,119.6499mm,-77.6028mm,Top,222.6
J1_3,158.6499mm,-77.6028mm,Top,222.6
Q1_0,141.5637mm,-46.9796mm,Top,180.0
Q1_1,180.5637mm,-46.9796mm,Top,180.0
Q1_2,116.4363mm,-85.5796mm,Top,0.0
Q1_3,155.4363mm,-85.5796mm,Top,0.0
Q2_0,139.6000mm,-36.2796mm,Top,180.0
Q2_1,178.6000mm,-36.2796mm,Top,180.0
Q2_2,118.4000mm,-96.2796mm,Top,0.0
Q2_3,157.4000mm,-96.2796mm,Top,0.0
R10_0,135.0637mm,-52.4251mm,Top,135.0
R10_1,174.0637mm,-52.4251mm,Top,135.0
R10_2,122.9363mm,-80.1341mm,Top,315.0
R10_3,161.9363mm,-80.1341mm,Top,315.0
R11_0,135.8137mm,-51.6751mm,Top,135.0
R11_1,174.8137mm,-51.6751mm,Top,135.0
R11_2,122.1863mm,-80.8841mm,Top,315.0
R11_3,161.1863mm,-80.8841mm,Top,315.0
R1_0,144.0637mm,-43.9251mm,Top,270.0
R1_1,183.0637mm,-43.9251mm,Top,270.0
R1_2,113.9363mm,-88.6341mm,Top,90.0
R1_3,152.9363mm,-88.6341mm,Top,90.0
R2_0,144.3118mm,-46.5194mm,Top,180.0
R2_1,183.3118mm,-46.5194mm,Top,180.0
R2_2,113.6882mm,-86.0398mm,Top,0.0
R2_3,152.6882mm,-86.0398mm,Top,0.0
R3_0,139.3000mm,-46.4251mm,Top,90.0
R3_1,178.3000mm,-46.4251mm,Top,90.0
R3_2,118.7000mm,-86.1341mm,Top,270.0
R3_3,157.7000mm,-86.1341mm,Top,270.0
R4_0,129.6000mm,-51.6796mm,Top,45.0
R4_1,168.6000mm,-51.6796mm,Top,45.0
R4_2,128.4000mm,-80.8796mm,Top,225.0
R4_3,167.4000mm,-80.8796mm,Top,225.0
R7_0,144.4000mm,-39.4796mm,Top,270.0
R7_1,183.4000mm,-39.4796mm,Top,270.0
R7_2,113.6000mm,-93.0796mm,Top,90.0
R7_3,152.6000mm,-93.0796mm,Top,90.0
R8_0,144.2000mm,-37.3796mm,Top,270.0
R8_1,183.2000mm,-37.3796mm,Top,270.0
R8_2,113.8000mm,-95.1796mm,Top,90.0
R8_3,152.8000mm,-95.1796mm,Top,90.0
R9_0,132.3000mm,-53.4251mm,Top,225.0
R9_1,171.3000mm,-53.4251mm,Top,225.0
R9_2,125.7000mm,-79.1341mm,Top,45.0
R9_3,164.7000mm,-79.1341mm,Top,45.0
U1_0,121.2218mm,-52.5578mm,Top,315.0
U1_1,160.2218mm,-52.5578mm,Top,315.0
U1_2,136.7782mm,-80.0014mm,Top,135.0
U1_3,175.7782mm,-80.0014mm,Top,135.0
U2_0,128.1915mm,-59.6739mm,Top,45.0
U2_1,167.1915mm,-59.6739mm,Top,45.0
U2_2,129.8085mm,-72.8854mm,Top,225.0
U2_3,168.8085mm,-72.8854mm,Top,225.0
U3_0,141.4000mm,-43.2796mm,Top,180.0
U3_1,180.4000mm,-43.2796mm,Top,180.0
U3_2,116.6000mm,-89.2796mm,Top,0.0
U3_3,155.6000mm,-89.2796mm,Top,0.0
U4_0,142.4000mm,-36.2796mm,Top,0.0
U4_1,181.4000mm,-36.2796mm,Top,0.0
U4_2,115.6000mm,-96.2796mm,Top,180.0
U4_3,154.6000mm,-96.2796mm,Top,180.0
