Comment,Designator,Footprint,LCSC Part #
100k,"R3_0,R3_1,R3_2,R3_3",R_0402_1005Metric,C25741
100n,"C6_0,C6_1,C6_2,C6_3,C7_0,C7_1,C7_2,C7_3,C8_0,C8_1,C8_2,C8_3,C9_0,C9_1,C9_2,C9_3",C_0402_1005Metric,C1525
10u 10V,"C2_0,C2_1,C2_2,C2_3",C_0603_1608Metric,C19702
1M,"R2_0,R2_1,R2_2,R2_3",R_0402_1005Metric,C26083
1k,"R4_0,R4_1,R4_2,R4_3,R9_0,R9_1,R9_2,R9_3",R_0402_1005Metric,C11702
2.2k,"R8_0,R8_1,R8_2,R8_3",R_0402_1005Metric,C25879
330R,"R7_0,R7_1,R7_2,R7_3",R_0402_1005Metric,C25104
4.7u 10V,"C1_0,C1_1,C1_2,C1_3",C_0603_1608Metric,C19666
4.7u 6.3V,"C3_0,C3_1,C3_2,C3_3,C4_0,C4_1,C4_2,C4_3",C_0402_1005Metric,C23733
47k 1%,"R1_0,R1_1,R1_2,R1_3",R_0402_1005Metric,C25792
5.1k 1%,"R10_0,R10_1,R10_2,R10_3,R11_0,R11_1,R11_2,R11_3",R_0402_1005Metric,C25905
BAT54J,"D1_0,D1_1,D1_2,D1_3,D2_0,D2_1,D2_2,D2_3",D_SOD-323F,C130415
BMD-340-A-R,"U1_0,U1_1,U1_2,U1_3",u-blox_BMD-340,C5456944
BQ29700DSER,"U4_0,U4_1,U4_2,U4_3",WSON-6_1.5x1.5mm_P0.5mm,C183096
DMN2004DWK,"Q2_0,Q2_1,Q2_2,Q2_3",SOT-363_SC-70-6,C156343
DMN63D8LDW,"Q1_0,Q1_1,Q1_2,Q1_3",SOT-363_SC-70-6,C211422
LED yellow-green 0402,"D4_0,D4_1,D4_2,D4_3",LED_0402_1005Metric,C22470306
LSM6DSO32XTR,"U2_0,U2_1,U2_2,U2_3",LGA-14_3x2.5mm_P0.5mm_LayoutBorder3x4y,C3663738
MCP73831T-2ACI/OT,"U3_0,U3_1,U3_2,U3_3",SOT-23-5,C424093
SMF5.0CA,"D3_0,D3_1,D3_2,D3_3",D_SOD-123F,C908214
TYPE-C 6PFS 2JCB1.6-H6.7 IPX8,"J1_0,J1_1,J1_2,J1_3",USB_C_Receptacle_ShouHan_TYPE-C-6PFS-2JCB1.6-H6.7_IPX8,C3020041
